"Latitude","Longitude"
37.4695849474,-122.2194057368
37.4713714667,-122.2258454667
37.4792989,-122.22423755
37.476335,-122.23273952
37.4676851429,-122.2345084643
37.4539947308,-122.2252931923
37.4564299231,-122.2340736923
37.45945006,-122.25462772
37.4845182222,-122.2421721111
37.4802314,-122.2486187714
37.471726617,-122.2531095532
37.489783,-122.2529546875
37.4984025,-122.2578540714
37.5071670714,-122.2672219286
37.5137251667,-122.2797490833
37.5204582917,-122.2876355
37.4939607857,-122.2408845
37.4893969091,-122.2305946364
37.5542211429,-122.2404062857
37.5107655476,-122.2553796667
37.5264275152,-122.273063697
37.5317091429,-122.2828885714
37.5361905,-122.2896257778
37.5457198519,-122.2841456296
37.5618990909,-122.2933777273
37.5582413125,-122.3093384375
37.546162,-122.2995758421
37.5658524615,-122.3033770769
37.5702206,-122.30311036
37.572573375,-122.2939335
37.58499985,-122.343335
37.5920049048,-122.3712687143
37.6072203548,-122.3939349355
37.5813754375,-122.3317949375
37.5728300556,-122.3219542222
37.5653787391,-122.3199147826
37.5624295385,-122.3263850769
37.553204913,-122.3301763478
37.5525686,-122.3177817333
37.5441923125,-122.31371425
37.5402547857,-122.3241105357
37.5284598085,-122.3387795319
37.5232305897,-122.3232178205
37.503764766,-122.3032047872
37.4462464,-122.3601313515
37.5230016207,-122.3453192414
37.5457082698,-122.3468987302
37.5667561731,-122.3727177885
37.5813870556,-122.3646197778
37.5815973548,-122.3793412903
37.5766602941,-122.3497057059
37.5676754,-122.3449396667
37.5722151429,-122.3353610714
37.5794577258,-122.387677129
37.5892010909,-122.3991234545
37.5939872083,-122.40664975
37.6012381538,-122.418731
37.6128158571,-122.4156928571
37.6224175,-122.4219149286
37.619641375,-122.428483
37.61774368,-122.43387864
37.6337825,-122.4496806364
37.62756216,-122.45958964
37.6395657143,-122.4517227143
37.6465491739,-122.4605944348
37.6451353158,-122.4378182105
37.655691875,-122.4469656667
37.655670037,-122.4608477037
37.6695408636,-122.4697840909
37.669026,-122.4786265238
37.6750835263,-122.4852973684
37.6821598696,-122.4788076522
37.6924956087,-122.4788583478
37.6982558824,-122.4666824706
37.68770384,-122.46566652
37.7001953158,-122.4796376842
37.7035453889,-122.4858995556
37.7134442105,-122.4674978421
37.7116,-122.4542927143
37.7194872222,-122.4428274444
37.7296759565,-122.4450663913
37.7282852308,-122.4361979231
37.7288738571,-122.4235386667
37.7322738421,-122.4125111579
37.7284244375,-122.405269625
37.7342566667,-122.4020727333
37.7324719167,-122.3961360833
37.7277387778,-122.3872272222
37.7339750588,-122.3839274118
37.735049381,-122.3761063095
37.7249683,-122.37532025
37.7369148235,-122.3908712353
37.7444900714,-122.3904751786
37.7215028182,-122.4022493636
37.7247544167,-122.3982935
37.7213893333,-122.3896490833
37.7164835789,-122.4034193158
37.7133344444,-122.3936956296
37.6874868254,-122.4164282381
37.6505019167,-122.406967375
37.7368024375,-122.4130164375
37.7441743158,-122.4079907895
37.7538865,-122.398812375
37.7519512727,-122.4065491818
37.7514255556,-122.4107466667
37.7512786667,-122.413962
37.7558248,-122.4122873
37.7611239167,-122.4138035
37.7594955385,-122.4191533077
37.7593735455,-122.4237752727
37.7438921304,-122.4144681739
37.7522731667,-122.4188421667
37.7627099,-122.3956316
37.7726641304,-122.3938614348
37.7605479474,-122.3879021053
37.7592165,-122.4062461429
37.7614461667,-122.4024515
37.7687935556,-122.4129638333
37.7696297692,-122.4203573846
37.768213,-122.4246815714
37.7737234706,-122.4038595882
37.7263854167,-122.427563
37.7232913077,-122.4323516154
37.7199093846,-122.429021
37.7181385455,-122.4360230909
37.7138642667,-122.4395932
37.7113278261,-122.432077087
37.7173081724,-122.4184938966
37.7105051429,-122.4208181429
37.7094264545,-122.4163876364
37.7044283636,-122.415295
37.7131399167,-122.4123915833
37.7114098,-122.4063171333
37.7226960526,-122.4105424211
37.73419255,-122.420209
37.737591,-122.421551
37.7373654,-122.42986705
37.7436317895,-122.4206835263
37.7455220833,-122.426613
37.7515346154,-122.4230991538
37.7493867273,-122.4294077273
37.7542650833,-122.43042475
37.7596462143,-122.431283
37.7597634615,-122.4368796923
37.7589932632,-122.4440541579
37.7647842941,-122.4406308824
37.7652067647,-122.4460407059
37.7654723571,-122.4507659286
37.7704584545,-122.4475959091
37.7698051951,-122.4730206098
37.7638338333,-122.4598342778
37.7585294815,-122.4558948148
37.7678859167,-122.43144775
37.7651558462,-122.4299527692
37.7695572,-122.43895645
37.7748651111,-122.4379758889
37.778322,-122.4387057
37.7814268462,-122.4382272308
37.7850854286,-122.4350854286
37.7834468889,-122.4295522222
37.7797746923,-122.4291408462
37.7830964444,-122.4225794444
37.78745275,-122.4233173333
37.7854665714,-122.4198751429
37.785702625,-122.416533
37.7831439,-122.4158068
37.784141,-122.412849375
37.7857339,-122.4119478
37.7870404,-122.4122101
37.7886901111,-122.4128045556
37.7830692308,-122.4110338462
37.7796994737,-122.4109093684
37.7769507692,-122.4085371538
37.782115625,-122.4018235
37.7872891905,-122.3936962857
37.78442025,-122.330981
37.7796522353,-122.4181412353
37.787914375,-122.418912
37.790887,-122.4194251818
37.7905751429,-122.4141762857
37.7931774545,-122.4134418182
37.7946578,-122.4095359
37.7935043333,-122.4061948333
37.7956791,-122.4050811
37.7996886,-122.39929405
37.7903160625,-122.40492925
37.7910867778,-122.4099162222
37.792539,-122.4270766364
37.7941523,-122.4244947
37.7947514545,-122.4200297273
37.7983609091,-122.4207440909
37.7962788182,-122.4148352727
37.7991445,-122.4102145
37.7996225714,-122.4071186429
37.8022887647,-122.4079750588
37.7973509286,-122.4318250714
37.8004821429,-122.4314002143
37.80245875,-122.43979
37.79771525,-122.4418506667
37.8036434167,-122.4447705833
37.802183,-122.4276507143
37.806827625,-122.43170375
37.8052692632,-122.4228638421
37.8021030769,-122.4159986154
37.8065286429,-122.4110725714
37.7879775556,-122.4310298889
37.7910082222,-122.4333267778
37.7938505333,-122.4385422667
37.7897508571,-122.4416288571
37.7867919,-122.4398487
37.7843941765,-122.4506532353
37.7887015,-122.4518072143
37.7785442353,-122.4474801765
37.7784924444,-122.4564896667
37.7777911111,-122.4615225556
37.7855777273,-122.4617240909
37.7773763846,-122.4684921538
37.7773500833,-122.4760936667
37.7836767778,-122.4758336667
37.7828577273,-122.4814181818
37.7825619231,-122.4887855385
37.7786262,-122.4841973
37.7746597778,-122.4839823333
37.7764842857,-122.4927645714
37.7770320667,-122.4966234667
37.7795518333,-122.5046726667
37.7832040714,-122.5028535714
37.7770433333,-122.5072072778
37.7867209375,-122.4857553125
37.7953496923,-122.464495
37.9236006583,-122.592369608
37.8508201944,-122.4875188611
37.8701477727,-122.5128734091
37.870965686,-122.5302596047
37.8947613289,-122.5482637632
37.9015588485,-122.5224743939
37.925107175,-122.5242044
37.9364687797,-122.5357703898
37.9508753103,-122.5220872414
37.9603463704,-122.5224063704
37.9699478182,-122.5372308788
37.9841916061,-122.5502863333
37.9747191538,-122.5654274359
37.9783888462,-122.5756788077
38.0052215167,-122.5855248333
38.0063881875,-122.6021966667
38.015532518,-122.6722388273
37.972497,-122.5933186869
37.9824165714,-122.5322599524
37.9987083333,-122.5480453333
38.0177917857,-122.5640016429
38.0277153958,-122.5209146875
38.0353706143,-122.5897901857
38.0627971,-122.56639285
38.0552862093,-122.518935
38.0778495116,-122.560991093
38.0486836667,-122.494047
38.0899185238,-122.5606786667
38.1105780833,-122.572026625
38.1307242941,-122.5868588431
38.1158774138,-122.5909016897
38.1162903766,-122.644921039
38.09718464,-122.58445992
38.104853129,-122.5402589677
38.135948064,-122.542157512
38.1427368738,-122.7433261782
38.2187846415,-122.545345317
38.2394685,-122.5906147778
38.2445136154,-122.6088411538
38.2385228,-122.6148518667
38.2535437667,-122.6189106667
38.2618765455,-122.6449717727
38.2741976667,-122.6473045952
38.2517520333,-122.6721274167
38.2631323,-122.7350354111
38.2433101714,-122.6545902286
38.2500805,-122.6475433462
38.2313550811,-122.6295984324
38.2093845738,-122.6661373934
38.3148777671,-122.7031526164
38.3211298387,-122.7070636774
38.3419112353,-122.7073241765
38.3479763636,-122.6943190909
38.3443434758,-122.6301370242
38.3384971905,-122.684872619
38.3272953,-122.6816646
38.3574852174,-122.6991838261
38.368102,-122.7009542273
38.403855,-122.7075701053
38.4065023509,-122.685993614
38.4352398571,-122.7089775
38.4416330625,-122.7125969375
38.4484162,-122.7067445
38.4604112045,-122.6975476364
38.4796273469,-122.7011424184
38.469265619,-122.6747949762
38.4636355,-122.6559787955
38.5184462383,-122.6427788497
38.4673152318,-122.5562949603
38.4217960901,-122.5987616036
38.4781395294,-122.6641585
38.4581698889,-122.7124862778
38.4600504286,-122.7235551905
38.45201575,-122.73826215
38.467034913,-122.7375043043
38.4798540741,-122.7481028889
38.4981601892,-122.7755208919
38.5312453659,-122.7475648415
38.5334854615,-122.7806117308
38.5455706667,-122.8088257222
38.5548665,-122.81162375
38.5527391111,-122.8019753889
38.5796550821,-122.7416014328
38.6161483,-122.8267535643
38.6109415294,-122.8652378824
38.6140528552,-122.9733360574
38.7078933636,-122.8098671688
38.8094419907,-123.0167705047
38.7692359954,-123.0981949724
38.6203922571,-122.8566828571
38.5232537391,-122.8546761652
38.4703840667,-122.7604180667
38.4615617407,-122.7587988519
38.4571715652,-122.7492436087
38.4407752258,-122.7581314516
38.4746215714,-122.8034969683
38.3942182718,-122.6593448252
38.43518196,-122.66949316
38.4508645667,-122.6656069833
38.443720697,-122.6912768485
38.41441269,-122.62467901
38.3860332977,-122.5378569581
38.4207242273,-122.7213623636
38.4270310333,-122.7264470667
38.4348567576,-122.7342677273
38.439169037,-122.731775037
38.418664625,-122.7342540417
38.39057985,-122.7752966125
38.4305825574,-122.7992048197
38.3914106774,-122.7249172903
38.3230833333,-122.6955619583
38.3339765,-122.70156965
38.3400427234,-122.7946754681
38.3838181351,-122.8017786216
38.4118890769,-122.8409288269
38.3843478421,-122.8287836053
38.3434876,-122.881187232
38.4178925789,-122.8817312368
38.4781140423,-122.9056770986
38.4780445089,-123.0125270804
38.5130936188,-122.9118465099
38.531123235,-123.0036938907
38.3773291917,-122.9877366167
38.2658814828,-122.6412073103
38.202457619,-122.6305118413
38.0036402542,-122.496407
37.9819220435,-122.5076451522
37.9844319231,-122.4802000513
37.9600717179,-122.501421359
37.9667340625,-122.506893
37.94549596,-122.5306572
37.9478688219,-122.5500026301
37.9638962203,-122.5650496949
37.9303586111,-122.501639537
37.9128692632,-122.5412238246
37.9095114426,-122.5598169508
37.8936374706,-122.5075701765
37.9065648269,-122.49238075
37.8622683333,-122.4311258462
37.8745484615,-122.4636746538
37.8668302,-122.5000505429
37.7845673077,-122.4692348462
37.77437275,-122.448253
37.7760213333,-122.4297365556
37.7718064545,-122.4292807273
37.7734905714,-122.4253207857
37.7774805455,-122.4237321818
37.7533394545,-122.4382681818
37.7484077143,-122.4398659286
37.7523069655,-122.4452075517
37.7453354762,-122.4384640952
37.7406222333,-122.4400614
37.73810248,-122.45024472
37.7434918182,-122.4567795455
37.75142425,-122.4523851786
37.7483317917,-122.466901
37.7468899167,-122.48054275
37.7521236,-122.47017735
37.7560874762,-122.4695650952
37.7526957692,-122.4821542308
37.760129125,-122.4836690625
37.7604423333,-122.4917394
37.75706705,-122.49948765
37.7616701111,-122.5065525556
37.7562395333,-122.5065827333
37.7532112,-122.491327
37.746474,-122.4906280909
37.762484,-122.4807997
37.7630945556,-122.4741668889
37.7630497,-122.4678544
37.739172,-122.4665427917
37.7192161538,-122.4533606923
37.722086,-122.4571132667
37.7284793,-122.45802185
37.7096811053,-122.4445891579
37.7053008421,-122.4450281053
37.7050350667,-122.4529886667
37.7048225,-122.4624107692
37.6975320333,-122.4561608333
37.7029175385,-122.4344304103
37.7151324091,-122.4567279545
37.7166806471,-122.4783594706
37.7193140625,-122.479755125
37.7274329286,-122.4809462857
37.7321393333,-122.4870427143
37.7378907647,-122.4853405294
37.7424616667,-122.4974992381
37.7420476154,-122.5047953846
37.7250472963,-122.4917683333
37.7192148571,-122.4685072857
37.7272205357,-122.4679945714
37.677028697,-122.4911429394
37.6586937742,-122.4837876129
37.6529841154,-122.4886510769
37.6356993448,-122.4844150345
37.6181215319,-122.4822178298
37.5826937937,-122.486817127
37.5924349815,-122.4671807963
37.5900256333,-122.50319605
37.5417937143,-122.4943137582
37.5234137733,-122.46494484
37.6909167391,-122.4882411304
37.65755445,-122.4707228
37.6509687241,-122.4770173448
37.6626734286,-122.4555806667
37.6762683889,-122.4499439167
37.6626881471,-122.4411486471
37.6663812,-122.4349376
37.6691378718,-122.4196782821
37.6619523333,-122.4070283333
37.6566188947,-122.4185084211
37.6338058182,-122.4253082273
37.6280331852,-122.4064482222
37.6207992609,-122.3847594348
37.623597625,-122.4098851667
37.6069512759,-122.4106173793
37.5993521176,-122.398601
37.535932,-122.4156046288
37.516922069,-122.3113097586
37.5279549524,-122.3056210476
37.532927,-122.2991147
37.5328122381,-122.3120608095
37.4837430204,-122.2815381633
37.4887033333,-122.2768195
37.4974649846,-122.2831828615
37.5017624792,-122.2785938958
37.4958101364,-122.2637785
37.4632455316,-122.2690545949
37.408732766,-122.2780026667
37.4451602917,-122.2565830694
37.4451035778,-122.2156229333
37.3269553745,-122.294931366
37.5625974839,-122.2886015484
37.5586724324,-122.2761241081
37.5648879375,-122.258198875
37.5581575,-122.2518548636
37.5615539167,-122.26184825
37.5518346667,-122.259472
37.5414653125,-122.2628798437
37.5423969615,-122.2695564615
37.5490175294,-122.2667791176
37.5280472571,-122.2561540286
37.5398470323,-122.241424129
37.48386624,-122.21372232
37.4722624211,-122.2104965789
37.474809,-122.1952371
37.4798831071,-122.2084721786
37.4818595714,-122.1899282143
37.4736367778,-122.1700776667
37.4618162,-122.16056816
37.4877005,-122.1657551087
37.4768508182,-122.1294968409
37.4670266667,-122.1460135238
37.45799576,-122.14270576
37.4637643548,-122.1283629355
37.4373205926,-122.0914410185
37.4376682,-122.1230514
37.4263125714,-122.1302773571
37.4354766,-122.144917
37.4433275833,-122.1558266667
37.4490677059,-122.1633348235
37.4201680714,-122.1188275714
37.4148799231,-122.1110783846
37.410095125,-122.10147425
37.40618125,-122.0924423333
37.40553,-122.0834012353
37.41760035,-122.09666635
37.4262132353,-122.1092072941
37.4010455556,-122.0751493889
37.3989824615,-122.0569134231
37.39076644,-122.04281532
37.4172796,-122.0546508667
37.4415166711,-121.9816215132
37.40154075,-122.02190425
37.40196035,-122.0044438
37.3961258333,-122.0048565833
37.3906908,-122.0045817333
37.4008127222,-121.9919503889
37.4006811429,-121.9651894286
37.3846041053,-121.9483511579
37.3972735385,-121.951006
37.4061709091,-121.9452059545
37.4143864444,-121.9452098889
37.3909127778,-121.9233531778
37.3911518333,-122.0222173333
37.3855895,-122.0253844
37.3805370588,-122.0063616765
37.39095036,-122.06004004
37.3794542727,-122.061214
37.3790469,-122.0570026
37.378711,-122.0508799167
37.375711,-122.0408242727
37.3728982308,-122.0308379231
37.36961564,-122.07208268
37.3786799286,-122.0835001429
37.3839725429,-122.0945011714
37.3940632308,-122.0905309231
37.3974429167,-122.0975216667
37.4019955385,-122.1064450769
37.3921886842,-122.1061330526
37.3690025263,-122.0861865789
37.3861392857,-122.0742767857
37.3898666,-122.0797725333
37.36265268,-122.057058
37.3592497742,-122.0766168387
37.3455058421,-122.070514
37.343072875,-122.0583183333
37.3438685714,-122.0452362143
37.3438307059,-122.0367521176
37.3440194783,-122.0260381304
37.3443971364,-122.0173697273
37.3555352667,-122.0415868
37.364942,-122.0413173333
37.3556181304,-122.0229964783
37.3620532778,-122.0203296111
37.3346435306,-122.0555647551
37.3297472667,-122.0445754
37.3212436875,-122.0551382188
37.3114313333,-122.0383199333
37.3031765789,-122.0372421579
37.30276415,-122.0293881
37.3036869375,-122.01911075
37.3149154211,-122.0222295789
37.3018351333,-122.0099667333
37.2994027273,-122.0023705455
37.3017636071,-121.99187075
37.315676875,-122.0108045625
37.3163021304,-122.0018094348
37.3300401579,-122.0041350526
37.3330387692,-122.0226493846
37.3208348,-121.98395455
37.3271595556,-121.9862158333
37.3340556087,-121.9843870435
37.3422173636,-121.9860228182
37.3482412222,-121.9873432778
37.3609829412,-121.9913297647
37.3548559231,-121.9996343077
37.361297087,-122.002588
37.3586328125,-122.010273
37.368319913,-121.9880967826
37.3693129583,-122.0080729583
37.3464015484,-122.0061952258
37.3606257222,-121.9823047778
37.3612743125,-121.9726959375
37.3595505,-121.9645686667
37.3653324103,-121.9590157692
37.319740875,-121.964162125
37.3170689091,-121.946207
37.3219832917,-121.931153375
37.319244,-121.9220732917
37.3177982917,-121.9090316667
37.3129527368,-121.925143
37.3032432857,-121.9218650714
37.2985692917,-121.9206544583
37.3001584706,-121.9094817059
37.3090240667,-121.9098705333
37.2869597273,-121.9269824545
37.2898789583,-121.9157700417
37.3282440741,-121.9276624444
37.3407632,-121.9218815
37.3323260769,-121.9148485385
37.3404527037,-121.9066785556
37.34767955,-121.9024651
37.365579697,-121.9244126061
37.3470989,-121.9347426
37.35102,-121.9464625
37.3430590811,-121.9436391351
37.3332459444,-121.9415427778
37.3059734583,-121.9356872917
37.3024686111,-121.9457031111
37.2804211875,-121.9395061563
37.2753258519,-121.949435963
37.3303244167,-121.9562940833
37.338055,-121.961754
37.3464203333,-121.9613324444
37.3464,-121.9741661818
37.33103125,-121.971971375
37.3138942917,-121.9861785
37.3127899375,-121.9721134375
37.30359775,-121.9747640625
37.2974257647,-121.9670351176
37.2980948889,-121.9579368889
37.2895449474,-121.9706983158
37.2819020909,-121.9710736364
37.2761031579,-121.9632016316
37.2844419375,-121.9558498125
37.2919875294,-121.9816588235
37.3084101765,-121.9577435294
37.2886216667,-122.0173948333
37.2821855313,-122.0000310937
37.2798641538,-121.9870482308
37.2706639167,-121.97993825
37.2640315294,-121.9702123529
37.2551845897,-121.9828474872
37.2435457,-121.9838144
37.2483347353,-121.9674201765
37.2579288649,-121.9418366216
37.2469511143,-121.93771
37.2432661765,-121.9149606471
37.2561908519,-121.9231855185
37.2493810833,-121.902657
37.2512252857,-121.885597
37.2566613889,-121.8866271667
37.2681923158,-121.8845117368
37.2774749474,-121.8867117368
37.284316,-121.889910875
37.2944153529,-121.8927776471
37.2858459062,-121.8735592813
37.2695368,-121.8676857
37.2778450667,-121.8543597333
37.2890702857,-121.8611590286
37.2617453333,-121.8523936
37.2577013529,-121.8373722353
37.2551345,-121.8236280833
37.2605161667,-121.8688003889
37.25295,-121.8589338095
37.2986206923,-121.8783637692
37.3052226,-121.8742428
37.3160018,-121.8815286
37.3236576842,-121.8868601579
37.3279208077,-121.8971254615
37.330111,-121.87579575
37.3228723846,-121.8704664615
37.3330224286,-121.8802561429
37.3387144615,-121.8742195385
37.3476257857,-121.8786420714
37.3546707333,-121.8805543333
37.3473001818,-121.8931502727
37.3417743333,-121.88936725
37.3350324167,-121.8837566667
37.3591894706,-121.8920785294
37.3763416765,-121.8923462059
37.3368634167,-121.8660340833
37.342258,-121.8589779091
37.3334824167,-121.8494660833
37.3292393913,-121.8382469565
37.3127436875,-121.820788375
37.31145825,-121.833551
37.3056109545,-121.8311110455
37.2934247619,-121.8164064762
37.301344,-121.8099196364
37.282141102,-121.7722261224
37.3069111429,-121.8046823571
37.3023512,-121.7886484
37.2905052778,-121.8217356667
37.2809777619,-121.8145112857
37.2730498333,-121.8169313667
37.2670555714,-121.8142874286
37.264038875,-121.825240625
37.2721411765,-121.8359050588
37.2699755625,-121.8460458125
37.2628994,-121.8049488
37.2509465385,-121.7895471538
37.2347376667,-121.7626609167
37.2296163667,-121.7838353
37.2331172439,-121.794289
37.2403321818,-121.8130263636
37.2413362,-121.8233988667
37.2375881429,-121.8362734762
37.2303154286,-121.8245145
37.2309918889,-121.8110397222
37.2401221,-121.8442055
37.2431039412,-121.8548396471
37.2456780476,-121.8667267619
37.1973412714,-121.8081046952
37.2211894,-121.8550198
37.2299214375,-121.7718316875
37.2230578333,-121.7646813
37.1767119327,-121.733423125
37.2058396591,-121.4811905812
37.1550267083,-121.6209817292
37.1504759412,-121.6602154706
37.13480375,-121.643684375
37.1115128571,-121.6304629286
37.0989854545,-121.6373254848
37.1162966471,-121.6549436471
37.1248403636,-121.6644701818
37.1186431714,-121.6734414
37.1349170541,-121.6026775135
37.1034263211,-121.5686006789
37.0638455652,-121.605870087
37.0096893415,-121.516292439
37.0155943125,-121.5713321875
37.0026712609,-121.5654897391
36.9865250789,-121.5712847895
37.0055035,-121.577955625
36.9812877353,-121.5900686471
37.055097433,-121.7127693732
36.8883601034,-121.3398447739
36.832943568,-121.491111284
36.8444331553,-121.6935039806
36.8165975333,-121.6751938
36.7960509552,-121.6225133134
36.728706,-121.6515978333
36.7259819524,-121.6545557619
36.7174710625,-121.6903002083
36.7036503846,-121.6604481538
36.6934852941,-121.6514721765
36.7037725625,-121.643944625
36.6878105926,-121.656932
36.688957625,-121.669307375
36.6782125,-121.6695575
36.6699086923,-121.67794
36.6705102857,-121.6643500714
36.6753905,-121.6557820556
36.678518409,-121.5760160687
36.5736848629,-121.3840056548
36.4919607539,-121.5071496754
36.5855227677,-121.6741201111
36.6603895,-121.6730138889
36.7298597143,-121.6228630357
36.710204,-121.6363850526
36.7144239643,-121.6207668929
36.7054551875,-121.613308375
36.697098375,-121.6059064375
36.6896685,-121.6011213333
36.6874087222,-121.6095405556
36.684691,-121.6107722667
36.6796051429,-121.618852
36.6750794706,-121.615994
36.6696384706,-121.629746
36.654199122,-121.6372329756
36.6650658333,-121.6505581667
36.6622262727,-121.6034920909
36.67686265,-121.6313522
36.6823035143,-121.633039
36.6926328824,-121.6153464118
36.6938478824,-121.6219181471
36.7131784667,-121.6491464
36.8094098182,-121.7074128442
36.7449779806,-121.744661165
36.7660118095,-121.7560735238
36.8370865433,-121.7495748268
36.8752151685,-121.7686174494
36.9061960645,-121.7704091935
36.9317725385,-121.7821456923
36.9311047143,-121.7695721429
36.9221736296,-121.7698811481
36.9114343043,-121.75454
36.9217605,-121.7421208929
36.92733524,-121.75483932
36.9495765088,-121.7511768947
36.9574496944,-121.7843237222
36.9367482298,-121.6848585963
36.9380960938,-121.7923830625
37.010871378,-121.8058827656
36.903044,-121.8107675
36.9629734783,-121.876368087
36.9569855278,-121.878409
36.9800284416,-121.876156
37.02656504,-121.860786545
36.9777518077,-121.9229661923
36.9865803281,-121.930618375
36.9972830732,-121.9785899268
36.9828874783,-121.9896193043
36.9771624444,-121.9770659444
36.9748178214,-121.9666301429
36.9643763462,-121.9702797692
36.973632,-121.9953309615
36.9655525714,-121.9896517143
36.9717274444,-122.0039827222
36.97418,-122.0160498
36.9980870476,-121.996634881
36.9841656,-122.0078714333
36.9878716596,-122.042611766
36.9699515882,-122.0409448235
36.9741688108,-122.0645618108
36.9894434848,-122.0579540303
37.0874463606,-122.1604755288
36.9562523077,-122.0618441538
36.9590105556,-122.0347427778
36.9668475769,-122.0270406154
36.9759374,-122.029756
37.0283726855,-121.9910299516
37.0206625893,-122.0313073571
37.0280917766,-122.0597563936
37.0980600208,-122.0367790625
37.0973509272,-122.0963924369
37.0786250638,-122.0872134894
37.02629725,-121.9187030104
37.0408705612,-121.9629723469
37.0782739737,-122.0121882895
37.0844579043,-121.8991996383
37.1611362145,-122.0747105615
37.1333927101,-122.1380513696
36.9802276087,-121.9456154783
36.7035738,-121.774049025
36.7112006061,-121.8000288182
36.6810706667,-121.79122025
36.6774435,-121.7959074286
36.6707795294,-121.7851118627
36.659381619,-121.7629320952
36.6170454503,-121.7545691391
36.5502201033,-121.6334515537
36.6530327059,-121.7982441176
36.6142454815,-121.8491842963
36.6012542222,-121.8445782222
36.6046209167,-121.8315395833
36.6125532667,-121.8297344
36.611216,-121.8407563636
36.6185339231,-121.8315524615
36.59465575,-121.8557126591
36.59184912,-121.83985048
36.5764868716,-121.8188130917
36.5825731111,-121.8772572222
36.5912421613,-121.8866950968
36.588169303,-121.9094725758
36.5512784559,-121.9187750147
36.5592397647,-121.9227389412
36.5474226429,-121.9227115714
36.5328268103,-121.826407431
36.3983051918,-121.6568961621
36.4955202105,-121.8796630861
36.6007332414,-121.8969643793
36.60472296,-121.90803832
36.6109739333,-121.9045968667
36.6224441429,-121.9125576429
36.6192243889,-121.9138361111
36.6176426923,-121.9211312308
36.6254438889,-121.929965037
36.6122214286,-121.9260549524
36.6039202222,-121.9281501111
36.5883906835,-121.9450415696
36.8919977619,-121.6866473929
36.85982475,-121.4250638437
36.848219,-121.4036231111
36.8544979412,-121.3899108529
36.8439726667,-121.3804036296
36.83192964,-121.37542708
36.8330472537,-121.4116724478
37.0256798696,-121.583869913
37.0251989474,-121.5912774211
37.0302692439,-121.6291841707
37.2552461837,-121.7679505306
37.2548670625,-121.81139975
37.2485350556,-121.8169324444
37.28612125,-121.829981125
37.28058125,-121.8292605625
37.2888373571,-121.8386551429
37.3020788235,-121.8372844118
37.2996994375,-121.8498089375
37.3127660833,-121.8562435833
37.3242465,-121.8415931875
37.3201105833,-121.8439465
37.3330228125,-121.840092875
37.3360908,-121.8338893333
37.3399743333,-121.8313116667
37.343669,-121.8275640769
37.3319825714,-121.8235984762
37.3272885,-121.8515254
37.3456712727,-121.8662214545
37.3513057857,-121.8705063571
37.3585931176,-121.8678225882
37.3646085,-121.86204375
37.3583601538,-121.8539754615
37.3449608421,-121.8531212105
37.3499736429,-121.8449893571
37.3552131667,-121.8472081667
37.3619199167,-121.8467405
37.3653341,-121.8413663
37.3680675833,-121.8353111667
37.37410632,-121.82837924
37.3828147241,-121.835740931
37.3826916667,-121.8195313922
37.368925087,-121.8206607826
37.3647102759,-121.8149074483
37.3739408056,-121.7849957963
37.3549224167,-121.8110333333
37.3492839412,-121.8028197647
37.3434700667,-121.8150209333
37.347803,-121.8185292
37.331122,-121.807416
37.3531509545,-121.7696991136
37.3417622143,-121.7974728571
37.3340278182,-121.7924994545
37.3278427273,-121.7895917273
37.3320428095,-121.774260619
37.3206357647,-121.7891671765
37.3181416842,-121.8013955263
37.3185076842,-121.8147455263
37.3264311961,-121.763982098
37.3123215,-121.781744625
37.3065382,-121.78720288
37.3112155472,-121.7455265849
37.29527455,-121.7578469
37.2840145429,-121.7436004
37.3692049167,-121.8560150833
37.3726857,-121.86853525
37.3865187143,-121.8719958571
37.3934788,-121.8661917333
37.3889928,-121.8548303
37.3837236471,-121.8498384118
37.37774555,-121.84458795
37.412804,-121.8275846081
37.3837977857,-121.8779366429
37.3783417,-121.88783765
37.3942973,-121.893111
37.4079637,-121.9000266
37.4211608077,-121.8988274615
37.3993698824,-121.8826992353
37.4097764286,-121.88069
37.41729275,-121.863531125
37.4093684737,-121.8595979474
37.4027774667,-121.8552692667
37.4256329444,-121.8704037778
37.4224232667,-121.8761388
37.4309288033,-121.8472351311
37.4337206667,-121.8712085556
37.4320922727,-121.881148
37.4401383529,-121.8823048235
37.4586222308,-121.8659413692
37.451399,-121.9025866667
37.4584449231,-121.9070652308
37.4499296667,-121.9155450556
37.4729276875,-121.9131830625
37.4863437805,-121.8967534146
37.5084025333,-121.9277417333
37.5225478571,-121.9313977619
37.5310648,-121.9292524667
37.5318293636,-121.9437041364
37.5457849091,-121.9508836364
37.5357019286,-121.9613338571
37.5287536,-121.9623315333
37.5421114,-121.9681122
37.5450389091,-121.9768864545
37.5509625294,-121.9856687059
37.540596,-121.9786121111
37.53914815,-121.98557065
37.5449085714,-121.9976507857
37.5483523846,-122.0052680769
37.55459388,-122.00936808
37.5372988,-122.0087442
37.5288547333,-122.0181022667
37.5341827059,-122.0281183529
37.53725375,-122.034820125
37.529266,-121.9927328333
37.5198764375,-121.975870625
37.5170754615,-121.9617712308
37.5189769,-121.9527664
37.5079693333,-122.0043850333
37.557816,-122.0231505
37.5627857857,-122.0300259286
37.574945619,-122.0400615238
37.5719454444,-122.0536544444
37.5652125833,-122.0471340833
37.5616999524,-122.050945
37.5821795714,-122.0394858571
37.5917828235,-122.0481811765
37.5841450667,-122.0571148667
37.585317,-122.068416
37.5878363529,-122.0759764706
37.5962055238,-122.0828315714
37.5800051154,-122.0859909615
37.5782748333,-122.0751956667
37.5701003889,-122.0738963889
37.6017764138,-122.0417776552
37.60584545,-122.07402885
37.59372325,-122.06685925
37.6175885476,-122.0605025
37.6249803846,-122.0757797692
37.6359581333,-122.0809098
37.6427664167,-122.0879516667
37.6358455833,-122.09381175
37.6295395714,-122.1020932857
37.6421137143,-122.1128956429
37.647451,-122.10238025
37.611213375,-122.1124891818
37.6278940714,-122.0895067143
37.6195757647,-122.082884
37.6539735,-122.095064
37.6632569231,-122.1023089231
37.6677941875,-122.110050625
37.6761546,-122.11266288
37.6710564706,-122.126273
37.6815896,-122.1314225
37.6856013793,-122.1403218276
37.6842831765,-122.1556838824
37.6859707895,-122.1698671316
37.6696262273,-122.1377953182
37.6721156667,-122.1473693704
37.6877815161,-122.1131682258
37.69734705,-122.1420217
37.6973710476,-122.1579081429
37.7186222857,-122.1682615
37.7135272424,-122.1908875758
37.7237746111,-122.1741679444
37.7284015714,-122.1780810714
37.7339793846,-122.1841590769
37.7301215345,-122.2071831207
37.6928859474,-122.1115305789
37.7056877143,-122.1081821633
37.7040422333,-122.0974470667
37.6844281923,-122.0830501923
37.6806993636,-122.0947249091
37.6824422632,-122.1069956842
37.6747913333,-122.1014437778
37.6670101875,-122.0923189375
37.6868335238,-122.067788
37.6811145333,-122.0663972
37.6744852,-122.08354444
37.6716206471,-122.0653290294
37.6672364865,-122.0438945946
37.6878332222,-122.0531177778
37.6445581168,-121.975227533
37.7212278592,-122.0283392817
37.6522625105,-121.9369202028
37.7082695278,-121.9572133056
37.7086494667,-121.9440868
37.710796913,-121.931554
37.7451485758,-121.9772425152
37.7641864615,-121.9749412308
37.7816225,-121.9917757963
37.7950922759,-121.9773057586
37.7976002222,-121.9641289778
37.7939488947,-121.9440626579
37.74673575,-121.9496904
37.7322159286,-121.9391871429
37.7402710909,-121.9272406364
37.7657506727,-121.9281561091
37.76561896,-121.91668212
37.7888293256,-121.9079842558
37.8053082353,-121.9048625882
37.7472028529,-121.8938271471
37.7703477255,-121.8837318039
37.8435111171,-121.8264139171
37.8473802314,-121.6041127603
37.9336854091,-121.5916696023
37.9058889375,-121.6082230625
37.9082032308,-121.5839111282
37.9116017975,-121.4670087426
37.7235309091,-121.9139500909
37.7115389524,-121.9188291429
37.719655875,-121.8904150833
37.7059870714,-121.887489
37.7550623462,-121.950806
37.7731438571,-121.9493162
37.6662686585,-121.9111992927
37.689188,-121.9100500476
37.66929085,-121.89918045
37.6570584839,-121.8826434839
37.6597966957,-121.8662686522
37.6611305143,-121.8376613429
37.6663551765,-121.8003005294
37.6725119167,-121.7886519167
37.6639815,-121.7901002143
37.6497506364,-121.7892340909
37.6720796818,-121.776592
37.6732201481,-121.7640888889
37.6852498571,-121.7527539048
37.675342,-121.7416625882
37.6840053571,-121.7285133571
37.6894422143,-121.7249556429
37.6962809048,-121.7324192381
37.7096086286,-121.7477603714
37.5943260444,-121.6680414222
37.7177623958,-121.4953872917
37.7848469725,-121.4757174404
37.7465014375,-121.430583875
37.7577289412,-121.4404468824
37.7524545294,-121.421808
37.785422708,-121.3656996726
37.7106797647,-121.4233151176
37.7145090952,-121.4443498095
37.7186138421,-121.4354956842
37.7338646154,-121.4443506154
37.7334544545,-121.4320663636
37.7440725714,-121.4448035714
37.6023648763,-121.4738348969
37.7191805643,-121.2852573
37.4603170655,-121.2650101745
37.7843125789,-121.2777961579
37.8184494545,-121.2884508182
37.8230854105,-121.3032475474
37.8332892222,-121.2831965556
37.889749425,-121.277952625
37.90579755,-121.29475535
37.91712565,-121.2848481
37.9208082857,-121.3070047714
37.92885855,-121.2891188
37.9439841905,-121.2901300476
37.9524638095,-121.2989374762
37.9534840952,-121.2850577143
37.9485355714,-121.2744199286
37.9524044444,-121.2602167222
37.9542707222,-121.2450500556
37.968201625,-121.2567633125
37.9758386667,-121.2568824667
37.9893640606,-121.219988303
37.9644145,-121.2355381
37.958135087,-121.3303238696
37.9673669412,-121.3276893529
37.9781965455,-121.3275162727
37.9831881852,-121.3258997407
37.966902037,-121.3504214815
37.9955990909,-121.3409729091
37.9812213437,-121.3593836875
38.0006828182,-121.3591920909
38.0093101579,-121.362978
38.0274317941,-121.3821033235
38.0486661111,-121.3890854074
38.1599189312,-121.4763963578
38.3149005229,-121.3992747248
38.3946623704,-121.4669195185
38.4105667143,-121.4677840952
38.4228910556,-121.4751306111
38.4437414,-121.4649729778
38.4623574054,-121.4699194324
38.4758028421,-121.492301
38.501054037,-121.5124931481
38.0060622632,-121.3406377105
37.9611243,-121.3068888
37.9398047647,-121.3190497941
37.7828254074,-121.2247007037
37.7990965,-121.1894717857
37.8004357097,-121.2020275484
37.7270440323,-121.1561674839
37.7713514302,-121.1065532791
37.733984875,-121.120896525
37.7374398476,-121.0584605524
37.6941770769,-121.0600198462
37.6761652667,-121.0379588667
37.66453425,-121.02398385
37.6567688462,-121.0333249231
37.6296273111,-121.0326010222
37.675825164,-121.1572490952
37.6303581429,-121.0176373214
37.6374744706,-121.0084708235
37.6215746923,-121.0037165385
37.6104695476,-121.0038742381
37.6205715217,-120.9809576957
37.6044791765,-120.9660342941
37.5874030625,-120.9470555
37.5643655,-120.9400129118
37.533213875,-120.8694104375
37.4888851846,-120.9423664462
37.637713381,-120.9913939524
37.69701775,-121.02367805
37.7506137273,-121.4437852727
37.6864498235,-121.7808888824
37.6911324615,-121.7843704615
37.6962147407,-121.7650411852
37.6893598919,-121.8145025405
37.6718343333,-121.8829630952
37.6807371053,-121.8902093158
37.6715590588,-121.8696967647
37.6846736957,-121.854746087
37.6927846364,-121.8945382727
37.69754265,-121.8651156
37.7059081333,-121.8599809333
37.7194457115,-121.8487225577
37.7259787746,-121.8400567887
37.7244619452,-121.7655469589
37.7597800986,-122.094018507
37.6932628333,-122.0781803889
37.6996021667,-122.063362625
37.722644175,-122.061548525
37.72247475,-122.0850328929
37.706221,-122.0843614737
37.69858675,-122.0820440625
37.7220761842,-122.1064007368
37.6988715385,-122.1141033077
37.6988254828,-122.1247855172
37.7035635417,-122.133138625
37.70850815,-122.13831785
37.7154875,-122.1463241429
37.7144304444,-122.13389
37.7273383333,-122.1427746667
37.7368577727,-122.1468343636
37.7329264375,-122.1568991875
37.73216555,-122.16620275
37.7234063636,-122.1552499545
37.7377243158,-122.1721843684
37.7454209167,-122.1792665833
37.751060875,-122.1834913125
37.7540565263,-122.1885383684
37.7582495882,-122.1963634118
37.7410526923,-122.1628456154
37.7407823111,-122.1319002222
37.7471143333,-122.152310125
37.7452984375,-122.1559608125
37.746447,-122.1665136923
37.7613676154,-122.1571012308
37.77123872,-122.166257
37.7748120625,-122.1757006875
37.7816814,-122.18645208
37.7775216667,-122.1929474667
37.76961775,-122.1971711667
37.7716338462,-122.2066606154
37.7769513333,-122.2038425556
37.780730625,-122.2112478125
37.78295325,-122.2152534167
37.787912,-122.2167501
37.7785552941,-122.2190529412
37.7691825,-122.1887077727
37.7660022609,-122.1829659565
37.7643083077,-122.1721490769
37.756158625,-122.1667939375
37.7530666667,-122.1730133889
37.7605692778,-122.1790332778
37.7891445652,-122.1851974783
37.79403105,-122.1899328
37.7992116667,-122.1948081481
37.8042834091,-122.1843227727
37.7876544727,-122.1595113455
37.80289616,-122.20085136
37.8056218,-122.2127328667
37.8118884118,-122.2085824118
37.8209087778,-122.1893644167
37.8345369333,-122.2009829
37.8276162941,-122.2171232353
37.8356269259,-122.234991
37.8224170968,-122.2278795161
37.824219,-122.2419104783
37.7880246,-122.2028685333
37.7930715385,-122.2083172308
37.7960076364,-122.2155540909
37.7951231333,-122.2220186
37.789474,-122.2251756154
37.7980703125,-122.2306095625
37.794201,-122.2337257368
37.8005801111,-122.2378937778
37.8046607647,-122.2434642353
37.808436875,-122.2288255833
37.81210035,-122.23272495
37.8096424,-122.2519390667
37.8136333684,-122.2536776316
37.817374,-122.2489042308
37.8169918235,-122.2593675294
37.8229707333,-122.2532185333
37.8263688462,-122.251741
37.8297866,-122.2496111333
37.8153304615,-122.2576898462
37.8113906667,-122.2591315833
37.8048885385,-122.2585300769
37.8177481429,-122.2684078571
37.8206488824,-122.2735364118
37.8236223077,-122.2802605385
37.8178303939,-122.3042758182
37.8391455,-122.3002997222
37.8387787333,-122.2946966667
37.8327905789,-122.2812146842
37.8312217368,-122.2735726316
37.8306770526,-122.2639010526
37.829213625,-122.258969
37.8409751579,-122.2556158421
37.8416282727,-122.265228
37.8484454667,-122.2658843333
37.8510395789,-122.2681781579
37.8500385333,-122.2752732667
37.8502258125,-122.281586
37.8468262222,-122.2838010556
37.8390579091,-122.2803893636
37.843259,-122.2734479565
37.8436407143,-122.2896968571
37.8577734167,-122.2838310833
37.8593342308,-122.2767457692
37.866656,-122.2784712
37.8680769091,-122.2689346364
37.8744886667,-122.2782429167
37.8729444,-122.2874379
37.8660363333,-122.2868824167
37.8645435,-122.2935441
37.8741885,-122.29682825
37.8811113333,-122.2780346667
37.88129,-122.2896638462
37.8821735833,-122.27062
37.8884038667,-122.2718040667
37.8914027143,-122.2589269286
37.9004910588,-122.2671858824
37.8846440357,-122.2561958929
37.8777423333,-122.2604399167
37.8730639091,-122.2560900455
37.8980435357,-122.2761243571
37.8901428966,-122.2819841034
37.8870185652,-122.2873797826
37.8873563333,-122.2953008333
37.895304,-122.2913060588
37.9051078,-122.29155535
37.90716192,-122.28488664
37.9097187727,-122.2763025
37.901644,-122.2980702308
37.901185,-122.3060181538
37.9071771364,-122.3100443636
37.9167841579,-122.3228843158
37.9231235556,-122.3165394815
37.9309025,-122.3350515
37.940684,-122.3303375882
37.9387708571,-122.3216015357
37.9456071333,-122.3154709
37.9584791714,-122.3216811714
37.95670312,-122.33824724
37.96656392,-122.33398312
37.9718466552,-122.3310355517
37.9822572963,-122.3303628889
37.9943835625,-122.317019625
37.9753346207,-122.3095228966
37.968285,-122.2950463793
37.9434032692,-122.2911902051
37.9684368491,-122.2681720943
37.9809917778,-122.2857691111
37.983684766,-122.2526442553
38.0001070769,-122.2640077308
38.0076206364,-122.2549000909
38.0210217551,-122.2297242653
38.0372775079,-122.1983989841
38.0723695,-122.2174625
38.0827311923,-122.2243417692
38.08882876,-122.2436708
38.0962737143,-122.2369211429
38.1052791667,-122.2384541667
38.1166215714,-122.2359932143
38.124844,-122.2373124615
38.12836325,-122.2153494167
38.136330913,-122.2334326087
38.1484189474,-122.2276615789
38.1490943125,-122.2426033125
38.1368120909,-122.2677585152
38.1601677895,-122.2393555263
38.160271,-122.2625881875
38.1729082632,-122.2621651579
38.1496151875,-122.27798375
38.2346003949,-122.2210653822
38.2886880556,-122.2594764722
38.2882257857,-122.2747501071
38.3120935185,-122.2719672037
38.3035702857,-122.2859049524
38.2959412778,-122.2882773889
38.2935194286,-122.2984479524
38.2943331111,-122.3072827222
38.3054908667,-122.3131624667
38.3150965789,-122.3191125789
38.311181,-122.301128875
38.3228445455,-122.3205591818
38.3325170667,-122.3315404
38.3326833684,-122.3128440526
38.3356719,-122.30440945
38.3170214615,-122.2919277692
38.31704405,-122.2810778
38.3780879272,-122.3510207219
38.3937158333,-122.3692595556
38.2951377586,-122.3261346207
38.311569025,-122.328443525
38.309997439,-122.3448124878
38.2919594061,-122.3749687952
38.1184023,-122.4537492
38.2808598077,-122.4641122308
38.2868905333,-122.4527978667
38.3206876458,-122.4396675104
38.321641425,-122.491259475
38.30574416,-122.48730192
38.3081797928,-122.5278144234
38.3428353333,-122.4676467639
38.3265850588,-122.2302416706
38.3904475934,-122.2718984725
38.4372596364,-122.2250392288
38.4755111106,-122.4727065668
38.6068712051,-122.5449179487
38.5812761111,-122.5788283333
38.50325675,-122.4569403182
38.5533082759,-122.4236325388
38.5078656176,-122.4788402059
38.2705309459,-122.272453973
38.2868308182,-122.2896070909
38.2603258727,-122.3026670727
38.1569657901,-122.1410554074
38.2450196412,-122.1827661527
38.2133276,-122.1042909333
38.2670153158,-122.0660068421
38.274577375,-122.0592950833
38.2928271875,-122.0521615625
38.3002904848,-122.0257477273
38.4262449532,-122.0358625848
38.3524398889,-122.0012463611
38.3258468478,-121.996103913
38.34320795,-121.9796351
38.3420048125,-121.966136125
38.3244216364,-121.96534
38.3243270556,-121.9832558333
38.3435784,-121.9578098667
38.3402645,-121.944030125
38.3320740345,-121.9434781379
38.321533775,-121.940797725
38.3455012222,-121.9239840741
38.3575077,-121.9501423
38.3666532727,-121.9484324091
38.394928803,-121.9382895606
38.4645274155,-121.8087173662
38.4426921905,-121.8479259048
38.4507500455,-121.8237280455
38.4584426471,-121.8333425882
38.5375641304,-121.7773934348
38.5531135,-121.7641544
38.5711617059,-121.7585814118
38.5886180481,-121.7415621827
38.6595322941,-121.7663563529
38.6694007273,-121.7513846364
38.6839811818,-121.7651096364
38.6711926923,-121.7407379231
38.6787429943,-121.7556820284
38.5474765714,-121.737298
38.5495483529,-121.7454226471
38.552768,-121.7560448571
38.5407098214,-121.7233846071
38.5400486786,-121.7055615
38.4307224019,-121.5822889439
38.567786,-121.563388913
38.5763693333,-121.5328704667
38.5716892857,-121.5243268095
38.5693320667,-121.5058407333
38.5758968889,-121.5060473333
38.582484375,-121.502171625
38.5762807857,-121.4906256429
38.5651406364,-121.4926684545
38.562228,-121.4765532308
38.5682519167,-121.4759795833
38.5742937,-121.4725921
38.5803780833,-121.4693895833
38.5894554103,-121.477496641
38.5791881765,-121.4356212353
38.5872446875,-121.4292918437
38.603644,-121.4275234286
38.5488772667,-121.4713148
38.5344695333,-121.4695222667
38.519677,-121.4706734286
38.5190325,-121.4607331429
38.503789,-121.4634116429
38.5537182,-121.4640479333
38.5522256,-121.44290885
38.5437640741,-121.3986272963
38.5505410476,-121.3905310476
38.557835,-121.37041225
38.5544347,-121.36171355
38.5559673077,-121.3415008462
38.5654050625,-121.3263161875
38.5721678182,-121.3176168636
38.5743054615,-121.3048069231
38.5875831333,-121.2999248
38.5857896071,-121.2844330357
38.607762,-121.2769508571
38.6268131053,-121.2397694737
38.5726654848,-121.2142103182
38.6949248106,-121.6043698788
38.608506,-121.5331433636
38.6086735556,-121.5177349444
38.6182544,-121.5075941333
38.6318307,-121.492711
38.6297280625,-121.473745125
38.6337274737,-121.4573978421
38.6429258095,-121.4406998571
38.6427070909,-121.4198216364
38.6407358571,-121.3951063714
38.6473568621,-121.3590186897
38.6576197368,-121.347604
38.66878,-121.3426839474
38.6817433333,-121.3266374444
38.695241875,-121.3159056875
38.7105205455,-121.2976993636
38.7285668571,-121.2950683333
38.7232966875,-121.2745006875
38.7357781905,-121.2678257143
38.7550696333,-121.2415853
38.76455792,-121.2391682
38.7786833182,-121.219328
38.6441159655,-121.4925739655
38.66044392,-121.57181384
38.6976920233,-121.5740769302
38.3531375909,-121.9672628636
38.3617381111,-121.9971816667
38.3785792121,-121.9862569394
38.3953810741,-121.9751308889
38.3750571667,-121.9720320833
38.3696505,-122.0088081875
38.5766434769,-122.0465655139
38.7608828551,-122.1797567915
38.2929836923,-122.092143359
38.2781257857,-122.0370572143
38.2309102727,-122.065307303
38.2456388,-122.0454147333
38.2540409091,-122.0422614545
38.2667433077,-122.0410800769
38.2648299091,-122.0299934545
38.265996,-122.0208548571
38.2529001429,-122.0318752857
38.2639728125,-122.0144728125
38.2698715455,-122.008484
38.2772507778,-122.0149635556
38.2846057647,-122.0142415882
38.2962688148,-121.9784000494
38.2730230909,-121.9455022121
38.2787158966,-121.9456293103
38.2601053409,-121.9396714091
38.2598235417,-122.0025542917
38.2579335714,-121.9811939524
38.2485179333,-121.999778
38.247292125,-122.0310330625
38.2496886,-122.0124794667
38.1455310112,-121.9509352472
38.2528326923,-122.0593911538
38.2648987857,-122.0495015714
38.2034294096,-122.2804492771
38.1182356875,-122.2219978125
38.1043046667,-122.22373725
38.1046104706,-122.2097829412
38.1053116897,-122.1945263103
38.093974197,-122.1719090606
38.1140360556,-122.2085038333
38.1294902794,-122.1874136471
38.0948392174,-122.2232722609
38.0931486087,-122.2153474783
38.0897002,-122.20035476
38.0799056538,-122.1810884615
38.0757688667,-122.1666836
38.0706719545,-122.1569794545
38.10249612,-122.120826192
38.0625093125,-122.1667646875
38.0589942187,-122.1777451875
38.0744747059,-122.2035497941
38.1007172857,-122.24886
38.1018043077,-122.258202
38.1106086667,-122.2625671333
38.1121548125,-122.2502434375
38.1173471111,-122.2677765556
38.121988875,-122.2700735625
38.1277156667,-122.2585490476
38.1084174717,-122.2866842075
38.0432700588,-122.2566107353
38.0244971429,-122.273716381
38.0103398333,-122.2786465833
38.0140646818,-122.2854813636
38.004487069,-122.2925388276
38.0027163103,-122.3091560345
37.9911542143,-122.3438118929
37.9393336364,-122.3415771818
37.9416545714,-122.3533087143
37.9485713333,-122.3552576111
37.9545986875,-122.353169625
37.9614624706,-122.3525941176
37.9694796111,-122.3510411111
37.97505545,-122.34669985
37.9485995417,-122.3391085
37.9396115789,-122.3616503684
37.93344196,-122.35956116
37.9290984444,-122.357276
37.9402097759,-122.3882182414
37.961611675,-122.3736234
37.9121820385,-122.3423085385
37.8930623043,-122.309354
37.8863935333,-122.3099184
37.8642488485,-122.3019521818
37.91395695,-122.2938427
37.9097295833,-122.3023783333
37.9171241538,-122.3067895385
37.9238288125,-122.2955959688
37.9276438824,-122.3094409412
37.934167931,-122.3138882069
37.8944266154,-122.2973614615
37.8753282857,-122.2695037143
37.859559,-122.268127
37.8475316471,-122.2504937647
37.847519125,-122.257797
37.8541167273,-122.2576797273
37.855399,-122.2454839286
37.8639747209,-122.2304379535
37.8586633636,-122.2593912727
37.8636495556,-122.260054
37.8666816364,-122.2604834545
37.8681155333,-122.2499792667
37.8620513158,-122.2489554211
37.8450998696,-122.2387471304
37.8471154872,-122.2165864103
37.8865954333,-122.2221395
37.9040067922,-122.1795943247
37.879806069,-122.1674867241
37.85683306,-122.18038356
37.9053458636,-122.1324762955
37.889474625,-122.1035142083
37.8690037429,-122.1052992857
37.8458705957,-122.0990054043
37.8239857667,-122.1062145
37.8553606207,-122.1401555172
37.8282873333,-122.157375193
37.9124203396,-122.0874362642
37.9056391053,-122.0634743684
37.88465398,-122.08412856
37.8905867778,-122.0580998889
37.8732384074,-122.0793837037
37.8645667308,-122.0647665
37.8564224348,-122.0687803043
37.86908418,-122.05200308
37.8874275435,-122.0322077391
37.8777564043,-122.0116844043
37.8623432981,-121.9722634712
37.8452467053,-121.9659956211
37.8345100536,-122.0341021786
37.8090995227,-122.0222852159
37.8216098636,-121.9864795
37.8212958125,-121.9537500625
37.9245759697,-122.0675275455
37.9333623143,-122.0719810857
37.9525664194,-122.0605939032
37.9516228,-122.0715756
37.9343056944,-122.08989175
37.9301537197,-122.1206753712
37.960523641,-122.077494641
37.9581613448,-122.048331069
37.9561082222,-122.0445089444
37.948438,-122.0437632857
37.9544017308,-122.0286395
37.9416874762,-122.0464018095
37.9665822632,-122.0410766842
37.9746483684,-122.0368876316
37.9674759444,-122.0342812222
37.9698627222,-122.0228195
37.9774357407,-122.0140714074
37.990246,-122.024063875
37.99298845,-122.0344421
37.9794492564,-122.0568437179
37.9810410278,-122.0719255556
38.0010046667,-122.0826713333
38.0218926863,-122.1042046667
37.9883372727,-122.1012721515
37.9712868421,-122.1123966667
37.9759887647,-122.0947288235
37.9514881435,-122.2127836323
38.0195639054,-122.1604519459
37.9988215556,-122.1095061111
38.0060918824,-122.1219300588
38.0170237083,-122.1275179583
38.0227777143,-122.1407184286
38.0345213529,-122.0277208824
37.9956666806,-121.9753542222
38.011157463,-121.9269982778
38.0168033548,-121.9268765806
38.0132540769,-121.9000563846
38.0214265833,-121.89520025
38.0269978235,-121.8952391765
38.0385320962,-121.8709692308
38.0047970952,-121.8820254762
38.0141063077,-121.8675308462
38.0040424375,-121.8644858125
38.0023092,-121.8475404
37.99000475,-121.836151425
38.000587913,-121.8167411304
37.9905449655,-121.7968248276
37.9874893636,-121.7681228636
37.97344272,-121.75164956
37.9836468947,-121.7314535263
37.9893860667,-121.7063477333
37.9941048571,-121.6706824286
38.0313070884,-121.6162793605
37.9473029714,-121.7624712
37.9527378095,-121.733707381
37.9404724706,-121.7114298235
37.95734805,-121.70684895
37.9351796071,-121.6739035357
37.9312256429,-121.7080533571
37.9078175217,-121.710345
37.8947625238,-121.7401686032
38.0064765,-121.8003019375
38.014034875,-121.8277485417
38.00912,-121.787516875
38.0111862857,-121.7750813714
37.9984288125,-121.729283375
38.0163163846,-121.7186432051
38.0991085625,-121.6908687159
38.1860946518,-121.7838934107
37.986662619,-121.8155089048
37.9375261258,-121.8430168868
37.9769000385,-121.7946667692
37.9451805818,-121.8020736182
37.9795988696,-121.7761887826
37.969120375,-121.7703891875
37.9936319375,-121.925313225
37.9808145,-121.8733235
37.994725625,-121.8316211875
38.0039411111,-121.8289905556
38.032130625,-121.916414625
38.0239581923,-121.9466441923
38.0363851875,-121.94716775
38.0424462187,-121.9684328125
37.9813409524,-121.999899381
37.9694926667,-121.9868396667
37.96530375,-121.9690240625
37.9607227059,-121.9579152941
37.9516759111,-121.9303911778
37.8912748406,-121.9298142464
37.9584542083,-122.0173292917
37.963411,-122.0019463333
37.9431062308,-122.0050320385
37.9523848077,-121.9868765769
37.9383914359,-121.9669310513
37.9552605667,-121.9801542
37.9209857742,-121.9981463548
37.9193421176,-122.0187958824
37.9306273333,-122.031679
37.9076857959,-122.0187520816
37.9200127812,-122.0479535312
37.9263220294,-122.0542006765
37.9386215556,-122.0560725185
37.9035148222,-122.0380587333
37.8940923548,-122.0447613871
37.87768752,-122.13798846
37.8106940769,-122.2764917692
37.8089067778,-122.2724908889
37.8069588,-122.2666418
37.8042521111,-122.2800885556
37.801698,-122.2760425
37.8000904444,-122.2709373333
37.7954803125,-122.265187875
37.7878657097,-122.2505895161
37.7750141,-122.2293703
37.7623015789,-122.212099
37.7958241667,-122.2776306667
37.7854173929,-122.3011940714
37.7804176087,-122.2663622174
37.7776396667,-122.2846938
37.7714941667,-122.2844791667
37.7714531875,-122.2697889375
37.7705763333,-122.258886
37.7663485,-122.2463301
37.7592707619,-122.233427619
37.7635964737,-122.2311584737
37.7548294211,-122.2392531053
37.7412657895,-122.2473038421
37.7388426333,-122.2378817333
37.7757584167,-122.248534875
37.7669887895,-122.2729607368
37.7622576667,-122.2589074167
37.7605876,-122.2512478667
37.8056102,-122.2850077
37.7975507692,-122.295348
37.8093774167,-122.28966625
37.8074207778,-122.2972355
37.8039221667,-122.31655875
37.8087842,-122.299154
37.8119287778,-122.2821726667
37.8164888182,-122.2815441818
37.814783619,-122.2417981905
37.7990841667,-122.2434115
37.7968529231,-122.2498220769
37.7935167273,-122.2460085455
37.7913053571,-122.2410426429
37.788113,-122.235142
37.7854834,-122.2313330667
37.7823032857,-122.2265501429
37.7984475385,-122.2555049231
37.8016866667,-122.2518135
37.8054589545,-122.2205856818
37.7623540323,-122.1386116129
37.7211789273,-122.1238800364
37.661479,-122.1104745
37.6437085455,-122.0793233636
37.6382548182,-122.073556
37.63564,-122.070888
37.6440096667,-122.0699758889
37.6436759167,-122.0611653333
37.6369522373,-122.0354132203
37.6191274706,-122.0389557647
37.6210537667,-122.0294916667
37.6512727857,-122.0853865714
37.6578442308,-122.0796208462
37.6595105185,-122.0683452222
37.6547628846,-122.0462882885
37.6266376,-122.0615539
37.549742875,-122.03580175
37.5430965,-122.0450541429
37.5362106875,-122.05832625
37.5114080235,-122.0550453294
37.5713827391,-122.0043553043
37.5590555,-121.9904949
37.5703020526,-122.0182525263
37.580846625,-122.0178575
37.589721,-122.0128817692
37.6004994375,-122.0229514375
37.6209046706,-121.9869075647
37.5900524545,-122.0292001818
37.5313372667,-121.9726810667
37.5536327,-121.96498595
37.56371515,-121.9749147
37.5838714,-121.95384392
37.5779879375,-121.987998
37.5272424762,-121.904862119
37.5615453947,-121.9336438158
37.5744548973,-121.8027718527
37.4830415333,-121.9195587333
37.4900426667,-121.924484
37.4894504552,-122.0085672612
37.4411295333,-121.8981748
37.4387693333,-121.9050725556
37.43726055,-121.91235265
37.4036318182,-121.8710390909
37.3458386154,-121.8391110769
37.3551205,-121.8342256429
37.3593203889,-121.8271318333
37.32591275,-121.85951315
37.3045975217,-121.8939886087
37.3161016,-121.89770884
37.2637504706,-121.8985044118
37.2603198182,-121.9098818182
37.277824087,-121.9062792609
37.2739499677,-121.9159804839
37.2734017778,-121.9262477407
37.2711996667,-121.9386184333
37.2401938519,-121.9347200741
37.2272572464,-121.9359589275
37.2356520833,-121.895936125
37.2282869091,-121.8912234091
37.2302238182,-121.8771910909
37.2441774091,-121.8844407273
37.1988455413,-121.8697811743
37.2050757037,-121.834111963
37.2118390645,-121.8689966452
37.2133720588,-121.8563794706
37.2378862941,-121.9773795588
37.2188576105,-121.9884731474
37.1673298714,-121.9306652952
37.2118955686,-121.9554675196
37.2419256765,-121.9545887941
37.25950625,-122.005592825
37.2746379565,-122.0221599565
37.2720746508,-122.0582025079
37.2368456897,-122.0307761379
37.29799206,-122.06385252
37.3393813333,-122.0804996667
37.35385625,-122.0985371667
37.3039281196,-122.1133281495
37.3535617128,-122.1295965957
37.3762575517,-122.1261576379
37.4092780909,-122.1321649545
37.4167673333,-122.12770725
37.3144056119,-122.075347806
37.4065385,-122.115770875
37.3926597586,-122.1214513448
37.375289875,-122.1159225833
37.3716835278,-122.1009990833
37.4466366667,-122.1334929524
37.4521904286,-122.1496003929
37.4667540556,-122.1866309444
37.4569852917,-122.1801673333
37.4481576,-122.1821899333
37.4437014211,-122.1860822632
37.4350712593,-122.1941611111
37.4313724565,-122.2035374783
37.4236038333,-122.2050073333
37.3769255603,-122.2162382155
37.4081788868,-122.1642092453
37.4385622,-122.1744625667
37.4296858889,-122.1759822222
37.4280823,-122.16490035
37.422516625,-122.15809075
37.4695849474,-122.2194057368
